id,desc,createTime,video_id,video_duration,video_playAddr,video_downloadAddr,author_id,author_uniqueId,author_nickname,author_avatarLarger,author_signature,author_verified,author_isADVirtual,music_id,music_title,music_playUrl,music_authorName,music_duration,music_album,stats_diggCount,stats_shareCount,stats_commentCount,stats_playCount,officalItem,authorStats_followingCount,authorStats_followerCount,authorStats_heartCount,authorStats_videoCount,authorStats_diggCount,authorStats_heart,duetEnabled,stitchEnabled,isAd,duetDisplay,stitchDisplay,effectStickers
6926228731111460102,Bad Day #part1 #badday #falling #funny #memes #viral #jokes #comedy #trending #fyp #foryou #share #likes #us #uk #xyzbca  #epic #pourtoi #fail #wee,1612638303,6926228731111460102,12,https://v16-webapp.tiktok.com/1d467609c0af9442caf69de7ceed6757/61bc9ef8/video/tos/useast2a/tos-useast2a-ve-0068c001/a61264c3077f4a47a72cc877a71c2292/?a=1988&br=1658&bt=829&cd=0%7C0%7C1&ch=0&cr=0&cs=0&cv=1&dr=0&ds=3&er=&ft=Yu12_FRnkag3-I&l=20211217083004010244003026260561B3&lr=tiktok_m&mime_type=video_mp4&net=0&pl=0&qs=0&rc=MzZ5eDdod3BoMzMzNTczM0ApOjZoPDU3PGVmN2RlOjk2NGdtYDIyY19lZGNgLS1jMTZzc2BeMDViYzUyLzEzMi0tLl46Yw%3D%3D&vl=&vr=,https://v16-webapp.tiktok.com/1d467609c0af9442caf69de7ceed6757/61bc9ef8/video/tos/useast2a/tos-useast2a-ve-0068c001/a61264c3077f4a47a72cc877a71c2292/?a=1988&br=1658&bt=829&cd=0%7C0%7C1&ch=0&cr=0&cs=0&cv=1&dr=0&ds=3&er=&ft=Yu12_FRnkag3-I&l=20211217083004010244003026260561B3&lr=tiktok_m&mime_type=video_mp4&net=0&pl=0&qs=0&rc=MzZ5eDdod3BoMzMzNTczM0ApOjZoPDU3PGVmN2RlOjk2NGdtYDIyY19lZGNgLS1jMTZzc2BeMDViYzUyLzEzMi0tLl46Yw%3D%3D&vl=&vr=,6646387439458041861,ace.central,Ace Central,https://p16-sign-va.tiktokcdn.com/tos-maliva-avt-0068/e11733d08c3ae58f3bfc786478b6eab3~c5_1080x1080.jpeg?x-expires=1639814400&x-signature=Di1NYDrB6t4YjXJSpVHF8p6X1FA%3D,I‚Äôm back,False,False,6840101190269668102,Bad Day,https://sf16-ies-music-va.tiktokcdn.com/obj/musically-maliva-obj/6840101131293625093.mp3,Dayton,13,,7100000,261300,85500,50100000,False,2,299100,10600000,24,1648,10600000,True,True,False,0,0,
6955358238309108993,Thank for all for blowing up one of my earlier videosüòÑ!!#fyp #SmileStrong2021 #foryoupage #fy #beatthis #rasputin #duet #russian #russiandance #us #y,1619420538,6955358238309108993,12,https://v16-webapp.tiktok.com/0e715cd6f70cb8ca0ecc33eab92cb40b/61bc9ef7/video/tos/alisg/tos-alisg-pve-0037c001/68665a615b0a4eb88ef74f25d6bef0ee/?a=1988&br=2512&bt=1256&cd=0%7C0%7C1&ch=0&cr=0&cs=0&cv=1&dr=0&ds=3&er=&ft=Yu12_FRnkag3-I&l=20211217083004010244003026260561B3&lr=tiktok_m&mime_type=video_mp4&net=0&pl=0&qs=0&rc=amg3Ozo4NXY5NTMzODczM0ApNjw2NTM2ZDxnNzRlOzZlZGdhajY0Zi0tXjBgLS1kMTRzczZjNS0xNDEtNDMuX19iLS46Yw%3D%3D&vl=&vr=,https://v16-webapp.tiktok.com/0e715cd6f70cb8ca0ecc33eab92cb40b/61bc9ef7/video/tos/alisg/tos-alisg-pve-0037c001/68665a615b0a4eb88ef74f25d6bef0ee/?a=1988&br=2512&bt=1256&cd=0%7C0%7C1&ch=0&cr=0&cs=0&cv=1&dr=0&ds=3&er=&ft=Yu12_FRnkag3-I&l=20211217083004010244003026260561B3&lr=tiktok_m&mime_type=video_mp4&net=0&pl=0&qs=0&rc=amg3Ozo4NXY5NTMzODczM0ApNjw2NTM2ZDxnNzRlOzZlZGdhajY0Zi0tXjBgLS1kMTRzczZjNS0xNDEtNDMuX19iLS46Yw%3D%3D&vl=&vr=,6571881711201222661,acommieaussie,Some Aussie dancing Bloke,https://p16-sign-sg.tiktokcdn.com/aweme/1080x1080/tos-alisg-avt-0068/6e9482e6cd70e2f88e097186b80a8caf.jpeg?x-expires=1639814400&x-signature=Dr2XmnpcR7Pxfz8FtlhmmB4ECrU%3D,"Just an Aussie who loves to danceüòå
Email: acommieaussie@gmail",False,False,6697311851304209158,Moskau,https://sf16-ies-music-va.tiktokcdn.com/obj/musically-maliva-obj/1635087763858470.mp3,damn.program,11,,5500000,150800,92500,25800000,False,512,351500,7200000,41,85300,7200000,True,True,False,0,0,
7012526457872207109,Taken down at 33millionüòî #us #usarmy #army #soldiers #military #warfare #educational,1632731052,7012526457872207109,79,https://v16-webapp.tiktok.com/738b6e3d5ce4c5611557bcf7825866e0/61bc9f3b/video/tos/useast2a/tos-useast2a-ve-0068c001/d9f81b08915f4505a8abce70c746a460/?a=1988&br=2668&bt=1334&cd=0%7C0%7C1&ch=0&cr=0&cs=0&cv=1&dr=0&ds=3&er=&ft=Yu12_FRnkag3-I&l=20211217083004010244003026260561B3&lr=tiktok_m&mime_type=video_mp4&net=0&pl=0&qs=0&rc=M2tqdzM6ZjZxODMzNzczM0ApaGRlOGU5N2VmN2Q2OmU0Omc0a2FncjRvczVgLS1kMTZzczEvNWAyMzA1MGJiYS0wNDE6Yw%3D%3D&vl=&vr=,https://v16-webapp.tiktok.com/738b6e3d5ce4c5611557bcf7825866e0/61bc9f3b/video/tos/useast2a/tos-useast2a-ve-0068c001/d9f81b08915f4505a8abce70c746a460/?a=1988&br=2668&bt=1334&cd=0%7C0%7C1&ch=0&cr=0&cs=0&cv=1&dr=0&ds=3&er=&ft=Yu12_FRnkag3-I&l=20211217083004010244003026260561B3&lr=tiktok_m&mime_type=video_mp4&net=0&pl=0&qs=0&rc=M2tqdzM6ZjZxODMzNzczM0ApaGRlOGU5N2VmN2Q2OmU0Omc0a2FncjRvczVgLS1kMTZzczEvNWAyMzA1MGJiYS0wNDE6Yw%3D%3D&vl=&vr=,6829160745004286982,everything_military,„Ö§„Ö§„Ö§„Ö§„Ö§„Ö§,https://p16-sign-va.tiktokcdn.com/tos-maliva-avt-0068/c5d46e8bd849f6c8051e589f879642f3~c5_1080x1080.jpeg?x-expires=1639814400&x-signature=XraCKDxKcf0QrJMzNA7tlTIp%2Fus%3D,"üìßEverythingmilitary100@gmail.comüìß
‚¨áÔ∏èMilitary Merch Available Below‚¨áÔ∏è
üá¨üáß",False,False,6774650023587088385,Silent Sound,https://sf16-ies-music-sg.tiktokcdn.com/obj/tos-alisg-ve-2774/d886921a42454598bb4298f38246b2b3,Silent Ringtone,10,Silent Sound,4900000,146900,26600,28100000,False,18,1100000,22800000,504,28300,22800000,False,False,False,0,0,
6944091756422073606,#collage avec @vabahsk ..... #doinghotgirshi #hotdog #shi #switzerland #france #us #science #pourtoi #foryoupage,1616797357,6944091756422073606,26,https://v16-webapp.tiktok.com/a1af48032ba57a003d861cbbec9eec93/61bc9f05/video/tos/useast2a/tos-useast2a-pve-0068/8d590092d9004fd8a5fa193f7bf95c0e/?a=1988&br=2610&bt=1305&cd=0%7C0%7C1&ch=0&cr=0&cs=0&cv=1&dr=0&ds=3&er=&ft=Yu12_FRnkag3-I&l=20211217083004010244003026260561B3&lr=tiktok_m&mime_type=video_mp4&net=0&pl=0&qs=0&rc=andsODNkbjo4NDMzMzczM0ApOTM0PGQ2OWVmNzNlPDc8NmdmcWszLWRscWNgLS0vMTZzc2M0MF80Yi01LjYxNF9hMV86Yw%3D%3D&vl=&vr=,https://v16-webapp.tiktok.com/a1af48032ba57a003d861cbbec9eec93/61bc9f05/video/tos/useast2a/tos-useast2a-pve-0068/8d590092d9004fd8a5fa193f7bf95c0e/?a=1988&br=2610&bt=1305&cd=0%7C0%7C1&ch=0&cr=0&cs=0&cv=1&dr=0&ds=3&er=&ft=Yu12_FRnkag3-I&l=20211217083004010244003026260561B3&lr=tiktok_m&mime_type=video_mp4&net=0&pl=0&qs=0&rc=andsODNkbjo4NDMzMzczM0ApOTM0PGQ2OWVmNzNlPDc8NmdmcWszLWRscWNgLS0vMTZzc2M0MF80Yi01LjYxNF9hMV86Yw%3D%3D&vl=&vr=,6923586902801908741,lara.wmakeup,Lara Wallen,https://p77-sign-va.tiktokcdn.com/tos-maliva-avt-0068/0df988e4cb94905049ecde4bcdc0c3a9~c5_1080x1080.jpeg?x-expires=1639814400&x-signature=xL90Oxz5XdXzHxAoosFnsk34wVI%3D,"Instagram: ‚¨ÜÔ∏è
Snap: jul_lara
üá®üá≠üá∏üá™üáÆüá≥
70k?",False,False,6944091581527952133,son original,https://sf16-checkout.tiktokcdn.com/obj/musically-maliva-obj/6944091740429208326.mp3,Lara Wallen,25,,4700000,40000,68200,22900000,False,34,67600,5800000,495,25200,5800000,True,True,False,0,0,
6934763642155994374,Kevin Gates #kevingates #rap #aux #us #rapper #rating #rapperrating #fyp #fypsounds,1614625492,6934763642155994374,10,https://v16-webapp.tiktok.com/6f7f9b3ce6d991af8e21671c06f9c23a/61bc9ef5/video/tos/useast2a/tos-useast2a-ve-0068c001/ea15774e92c94ba380993474a90d469d/?a=1988&br=1836&bt=918&cd=0%7C0%7C1&ch=0&cr=0&cs=0&cv=1&dr=0&ds=3&er=&ft=Yu12_FRnkag3-I&l=20211217083004010244003026260561B3&lr=tiktok_m&mime_type=video_mp4&net=0&pl=0&qs=0&rc=anBnOTU5OW1tMzMzNDczM0ApNDs1MzlpN2U5NzY3Nzk0N2drcXBjYWtmaXJgLS0wMTZzcy1fXzJeMy9iLjMuLS42Yy86Yw%3D%3D&vl=&vr=,https://v16-webapp.tiktok.com/6f7f9b3ce6d991af8e21671c06f9c23a/61bc9ef5/video/tos/useast2a/tos-useast2a-ve-0068c001/ea15774e92c94ba380993474a90d469d/?a=1988&br=1836&bt=918&cd=0%7C0%7C1&ch=0&cr=0&cs=0&cv=1&dr=0&ds=3&er=&ft=Yu12_FRnkag3-I&l=20211217083004010244003026260561B3&lr=tiktok_m&mime_type=video_mp4&net=0&pl=0&qs=0&rc=anBnOTU5OW1tMzMzNDczM0ApNDs1MzlpN2U5NzY3Nzk0N2drcXBjYWtmaXJgLS0wMTZzcy1fXzJeMy9iLjMuLS42Yy86Yw%3D%3D&vl=&vr=,6917669874300208129,lssawrap,Rapper Rating,https://p16-sign-va.tiktokcdn.com/tos-maliva-avt-0068/d32e19b9ad00aafb87d93fcd43d587e3~c5_1080x1080.jpeg?x-expires=1639814400&x-signature=4KGaGG933SbHQWqFWkgGqgnBGiE%3D,"Hope u enjoy the vids üòâ 
Thx for 450k Followers
ü§™ü§™ü§™",False,False,6934763697206315781,Thanks for using my sound,https://sf16-ies-music-va.tiktokcdn.com/obj/musically-maliva-obj/6934763723345431302.mp3,Rapper Rating,9,,4400000,79100,44900,37200000,False,3,494000,7200000,79,457,7200000,False,False,False,0,0,
6922869719749905669,I‚Äôm sorry mom ü•∫ #viral#fy#fyp#trend#pov#boy#abs#us#germanboy#duett#foryou#f√ºrdich,1611856223,6922869719749905669,18,https://v16-webapp.tiktok.com/1d7991c6adbbef0a1d32e6126a7f55a3/61bc9efd/video/tos/useast2a/tos-useast2a-ve-0068c003/a47b0dc277ba47d69ca1bd85c2be183b/?a=1988&br=2112&bt=1056&cd=0%7C0%7C1&ch=0&cr=0&cs=0&cv=1&dr=0&ds=3&er=&ft=Yu12_FRnkag3-I&l=20211217083004010244003026260561B3&lr=tiktok_m&mime_type=video_mp4&net=0&pl=0&qs=0&rc=ajo1N3dzZXFpMzMzaTczM0ApaTlnaDZkZjw3NzRpODw2M2c1Z2FpNGVtZTZgLS1fMTZzcy1gMGAuYV4vXjBfNi0tMl86Yw%3D%3D&vl=&vr=,https://v16-webapp.tiktok.com/1d7991c6adbbef0a1d32e6126a7f55a3/61bc9efd/video/tos/useast2a/tos-useast2a-ve-0068c003/a47b0dc277ba47d69ca1bd85c2be183b/?a=1988&br=2112&bt=1056&cd=0%7C0%7C1&ch=0&cr=0&cs=0&cv=1&dr=0&ds=3&er=&ft=Yu12_FRnkag3-I&l=20211217083004010244003026260561B3&lr=tiktok_m&mime_type=video_mp4&net=0&pl=0&qs=0&rc=ajo1N3dzZXFpMzMzaTczM0ApaTlnaDZkZjw3NzRpODw2M2c1Z2FpNGVtZTZgLS1fMTZzcy1gMGAuYV4vXjBfNi0tMl86Yw%3D%3D&vl=&vr=,6813884539272201221,jacob_rtt,jacob rott,https://p16-sign-va.tiktokcdn.com/tos-maliva-avt-0068/29bba403ecc409bc80b0976d7318aea3~c5_1080x1080.jpeg?x-expires=1639814400&x-signature=FUI52fTKYKxY28%2FcSXSomdPJ5os%3D,"IG: jacob_rtt 
boy meets world üåç

ùï≥ùñäùñëùñë ùñúùñÜùñò ùñáùñîùñóùñéùñìùñå",False,False,6918843027901385473,Put Your Head On My Shoulder,https://sf16-ies-music-sg.tiktokcdn.com/obj/tiktok-obj/6918842920359480065.mp3,Giulia Di Nicolantonio,59,,4300000,141200,58200,30600000,False,484,3200000,101400000,828,46600,101400000,True,True,False,0,0,"[{'name': 'Video Background', 'ID': '457504'}]"
7000085071965228293,come in we don‚Äôt bite :) #viral#fy#fyp#foryou#boy#elevatorboys#trend#us#usa,1629834314,7000085071965228293,9,https://v16-webapp.tiktok.com/1de919264bb3e88d3ca4bfefe3924594/61bc9ef5/video/tos/useast2a/tos-useast2a-ve-0068c004/83af0031f361430bac7959dcaaa27ef7/?a=1988&br=3458&bt=1729&cd=0%7C0%7C1&ch=0&cr=0&cs=0&cv=1&dr=0&ds=3&er=&ft=Yu12_FRnkag3-I&l=20211217083004010244003026260561B3&lr=tiktok_m&mime_type=video_mp4&net=0&pl=0&qs=0&rc=anY3aTU6ZmpuNzMzNzczM0ApMzM6OWVkNDw3NzpkODk6O2ctb3M0cjRfbGZgLS1kMTZzczYzMDYwX15eYi9jYTRhLTY6Yw%3D%3D&vl=&vr=,https://v16-webapp.tiktok.com/1de919264bb3e88d3ca4bfefe3924594/61bc9ef5/video/tos/useast2a/tos-useast2a-ve-0068c004/83af0031f361430bac7959dcaaa27ef7/?a=1988&br=3458&bt=1729&cd=0%7C0%7C1&ch=0&cr=0&cs=0&cv=1&dr=0&ds=3&er=&ft=Yu12_FRnkag3-I&l=20211217083004010244003026260561B3&lr=tiktok_m&mime_type=video_mp4&net=0&pl=0&qs=0&rc=anY3aTU6ZmpuNzMzNzczM0ApMzM6OWVkNDw3NzpkODk6O2ctb3M0cjRfbGZgLS1kMTZzczYzMDYwX15eYi9jYTRhLTY6Yw%3D%3D&vl=&vr=,6813884539272201221,jacob_rtt,jacob rott,https://p16-sign-va.tiktokcdn.com/tos-maliva-avt-0068/29bba403ecc409bc80b0976d7318aea3~c5_1080x1080.jpeg?x-expires=1639814400&x-signature=FUI52fTKYKxY28%2FcSXSomdPJ5os%3D,"IG: jacob_rtt 
boy meets world üåç

ùï≥ùñäùñëùñë ùñúùñÜùñò ùñáùñîùñóùñéùñìùñå",False,False,6936460403379669766,original sound,https://sf16-ies-music-va.tiktokcdn.com/obj/musically-maliva-obj/6936460389609786118.mp3,Yin,9,,4200000,105500,165400,36900000,False,484,3200000,101400000,828,46600,101400000,True,True,False,0,0,
6942562796227824902,sorry for stealing your time ü•∫ #viral#fy#fyp#foryou#f√ºrdich#boy#us#german,1616441367,6942562796227824902,7,https://v16-webapp.tiktok.com/55af5d4d4974da8965241ac8d6af7b4c/61bc9ef2/video/tos/useast2a/tos-useast2a-ve-0068c001/268b471fc27349ef8ac65fc96a87ffbc/?a=1988&br=2846&bt=1423&cd=0%7C0%7C1&ch=0&cr=0&cs=0&cv=1&dr=0&ds=3&er=&ft=Yu12_FRnkag3-I&l=20211217083004010244003026260561B3&lr=tiktok_m&mime_type=video_mp4&net=0&pl=0&qs=0&rc=MzQ4bjhwbHRoNDMzNDczM0ApZTQ4Ojg2aTw8Nzk1ZTVkaWdta2xeaGY1c2BgLS1jMTZzczFeYzZiMC41LS1iMDYuXzA6Yw%3D%3D&vl=&vr=,https://v16-webapp.tiktok.com/55af5d4d4974da8965241ac8d6af7b4c/61bc9ef2/video/tos/useast2a/tos-useast2a-ve-0068c001/268b471fc27349ef8ac65fc96a87ffbc/?a=1988&br=2846&bt=1423&cd=0%7C0%7C1&ch=0&cr=0&cs=0&cv=1&dr=0&ds=3&er=&ft=Yu12_FRnkag3-I&l=20211217083004010244003026260561B3&lr=tiktok_m&mime_type=video_mp4&net=0&pl=0&qs=0&rc=MzQ4bjhwbHRoNDMzNDczM0ApZTQ4Ojg2aTw8Nzk1ZTVkaWdta2xeaGY1c2BgLS1jMTZzczFeYzZiMC41LS1iMDYuXzA6Yw%3D%3D&vl=&vr=,6813884539272201221,jacob_rtt,jacob rott,https://p16-sign-va.tiktokcdn.com/tos-maliva-avt-0068/29bba403ecc409bc80b0976d7318aea3~c5_1080x1080.jpeg?x-expires=1639814400&x-signature=FUI52fTKYKxY28%2FcSXSomdPJ5os%3D,"IG: jacob_rtt 
boy meets world üåç

ùï≥ùñäùñëùñë ùñúùñÜùñò ùñáùñîùñóùñéùñìùñå",False,False,6906458442366470914,UKAI SUPREMACY,https://sf16-ies-music-sg.tiktokcdn.com/obj/tiktok-obj/6906458410229713665.mp3,overseer,8,,3700000,97200,80600,22800000,False,484,3200000,101400000,828,46600,101400000,True,True,False,0,0,
7013866812676869382,She bad tho #BenefitOfBrows #fyp„Ç∑ #fyp #foryoupage #4u #foru #relationship #girlfriend #goals #baddie #viral #comedy #funny #gf #relationshipgoals #us,1633043126,7013866812676869382,38,https://v16-webapp.tiktok.com/a89e2112953b7c45a93195deda00f8dc/61bc9f12/video/tos/useast2a/tos-useast2a-pve-0068/a4371a0bf0af4779a523e5b323f96779/?a=1988&br=2298&bt=1149&cd=0%7C0%7C1&ch=0&cr=0&cs=0&cv=1&dr=0&ds=3&er=&ft=Yu12_FRnkag3-I&l=20211217083004010244003026260561B3&lr=tiktok_m&mime_type=video_mp4&net=0&pl=0&qs=0&rc=MzZrdDc6Zjw3ODMzNzczM0ApZzk4NmdlZmRlNzRoZzNkNWcyY2YxcjRvMl9gLS1kMTZzcy5hYmAvMDReYGMxLzBiMV46Yw%3D%3D&vl=&vr=,https://v16-webapp.tiktok.com/a89e2112953b7c45a93195deda00f8dc/61bc9f12/video/tos/useast2a/tos-useast2a-pve-0068/a4371a0bf0af4779a523e5b323f96779/?a=1988&br=2298&bt=1149&cd=0%7C0%7C1&ch=0&cr=0&cs=0&cv=1&dr=0&ds=3&er=&ft=Yu12_FRnkag3-I&l=20211217083004010244003026260561B3&lr=tiktok_m&mime_type=video_mp4&net=0&pl=0&qs=0&rc=MzZrdDc6Zjw3ODMzNzczM0ApZzk4NmdlZmRlNzRoZzNkNWcyY2YxcjRvMl9gLS1kMTZzcy5hYmAvMDReYGMxLzBiMV46Yw%3D%3D&vl=&vr=,6944432595279217669,gotjuice44,gotjuice44,https://p16-sign-va.tiktokcdn.com/tos-maliva-avt-0068/c17f23a83b2e9dcbbecf95c1c7e3585b~c5_1080x1080.jpeg?x-expires=1639814400&x-signature=WP3c144XBPruUoi3P97wvAczieg%3D,"I‚Äôm a walking meme. 
Florida tech baseball. 
Follow my instaaaaaaaa.",False,False,7013866663565511429,original sound,https://sf16-ies-music-va.tiktokcdn.com/obj/musically-maliva-obj/7013866729071840006.mp3,gotjuice44,38,,3600000,21500,7425,15800000,False,99,28300,3800000,52,9087,3800000,False,False,False,0,0,
6884002764523932934,#foru #foryou #fy #fyp #among #us #amongus #imposter #orange #pink #votedout #pink #blue #red #meeting #vent #lol #comedy,1602806828,6884002764523932934,53,https://v16-webapp.tiktok.com/5e23abf037a09bc7ba3c6e98a50adaa1/61bc9f21/video/tos/useast2a/tos-useast2a-pve-0068/177d3b9eae5b4eed9a9bda4c72b11b4e/?a=1988&br=1970&bt=985&cd=0%7C0%7C1&ch=0&cr=0&cs=0&cv=1&dr=0&ds=3&er=&ft=Yu12_FRnkag3-I&l=20211217083004010244003026260561B3&lr=tiktok_m&mime_type=video_mp4&net=0&pl=0&qs=0&rc=M211NG12ZXFoeDMzOzczM0ApaTg6N2ZmNTw8N2Y8OWZpaGcucjJtNWJlNDFfLS0tMTZzcy1gNGEuNmAvMDBeMTEyLS06Yw%3D%3D&vl=&vr=,https://v16-webapp.tiktok.com/5e23abf037a09bc7ba3c6e98a50adaa1/61bc9f21/video/tos/useast2a/tos-useast2a-pve-0068/177d3b9eae5b4eed9a9bda4c72b11b4e/?a=1988&br=1970&bt=985&cd=0%7C0%7C1&ch=0&cr=0&cs=0&cv=1&dr=0&ds=3&er=&ft=Yu12_FRnkag3-I&l=20211217083004010244003026260561B3&lr=tiktok_m&mime_type=video_mp4&net=0&pl=0&qs=0&rc=M211NG12ZXFoeDMzOzczM0ApaTg6N2ZmNTw8N2Y8OWZpaGcucjJtNWJlNDFfLS0tMTZzcy1gNGEuNmAvMDBeMTEyLS06Yw%3D%3D&vl=&vr=,6882062954256778245,3v3iynn,Evelynn,https://p16-sign-va.tiktokcdn.com/tos-maliva-avt-0068/b5a0967e3d2131efd38c0fc6815b2ab6~c5_1080x1080.jpeg?x-expires=1639814400&x-signature=OzlhF764m4z6gamyFUJArU5BGGA%3D,i‚Äôm sorry i don‚Äôt post anymore!,False,False,6881844899193359109,original sound,https://sf16-ies-music-va.tiktokcdn.com/obj/musically-maliva-obj/6881844810232351493.mp3,FTGT,55,,3500000,38300,11100,17900000,False,35,299700,9000000,16,2905,9000000,False,False,False,0,0,
6902932446069689605,Casi me mato üòÇüòÇ @soyyy1 #covid19 #vacuna #humor #fyp #parati #foryou #1 #tiktoklatino #latina #PR #RD #US,1607214238,6902932446069689605,13,https://v16-webapp.tiktok.com/66c309d251b57cb6bc8f79431cc6ab36/61bc9ef9/video/tos/useast2a/tos-useast2a-ve-0068c002/289674157f424103a53a8929bc4e1d78/?a=1988&br=3230&bt=1615&cd=0%7C0%7C1&ch=0&cr=0&cs=0&cv=1&dr=0&ds=3&er=&ft=Yu12_FRnkag3-I&l=20211217083004010244003026260561B3&lr=tiktok_m&mime_type=video_mp4&net=0&pl=0&qs=0&rc=ajpwc3J4dzc1eTMzODczM0ApNGY5ZTU2NGVnNzQzNjM5O2cvNGcxc25vNjNfLS01MTZzczNhXmAyYjBjX2EzYV9fLjM6Yw%3D%3D&vl=&vr=,https://v16-webapp.tiktok.com/66c309d251b57cb6bc8f79431cc6ab36/61bc9ef9/video/tos/useast2a/tos-useast2a-ve-0068c002/289674157f424103a53a8929bc4e1d78/?a=1988&br=3230&bt=1615&cd=0%7C0%7C1&ch=0&cr=0&cs=0&cv=1&dr=0&ds=3&er=&ft=Yu12_FRnkag3-I&l=20211217083004010244003026260561B3&lr=tiktok_m&mime_type=video_mp4&net=0&pl=0&qs=0&rc=ajpwc3J4dzc1eTMzODczM0ApNGY5ZTU2NGVnNzQzNjM5O2cvNGcxc25vNjNfLS01MTZzczNhXmAyYjBjX2EzYV9fLjM6Yw%3D%3D&vl=&vr=,6575925657674317830,kentkinberly,Kent Kinberly,https://p16-sign-va.tiktokcdn.com/tos-maliva-avt-0068/7aad2b712ec16b717947e49c69da29b3~c5_1080x1080.jpeg?x-expires=1639814400&x-signature=bUB5NIOy6EhI0F0n47SWsBI88gk%3D,@kent2fitness cuenta secundaria siganme ü•∞ SHEIN code: 5kentk √∫salo para 15% des,False,False,6899984879677655814,original sound,https://sf16-ies-music-va.tiktokcdn.com/obj/musically-maliva-obj/6899984795825572613.mp3,Bmoved,15,,3500000,581000,47600,67200000,False,121,1300000,9600000,971,69800,9600000,True,True,False,0,0,
6883643205783457029,#foru #foryou #4u #4you #fy #fyp #among #us #amongus #red #black #blue #imposter #purple #vote #crewmate #orange #comedy #TimeWarpScan #reactor #admin,1602723111,6883643205783457029,39,https://v16-webapp.tiktok.com/24f61f67505cf2d643231137d6ea6fed/61bc9f13/video/tos/useast2a/tos-useast2a-ve-0068c001/fa7a843f56174f9899e77626baea0101/?a=1988&br=1286&bt=643&cd=0%7C0%7C1&ch=0&cr=0&cs=0&cv=1&dr=0&ds=3&er=&ft=Yu12_FRnkag3-I&l=20211217083004010244003026260561B3&lr=tiktok_m&mime_type=video_mp4&net=0&pl=0&qs=0&rc=M247c25rdXVzeDMzOzczM0ApZzo8ZDpoPDtmNzlmOGg0ZmdfXm9wcmlubTBfLS1hMTZzczNjXjFfLTFeLTQxNDJfMzM6Yw%3D%3D&vl=&vr=,https://v16-webapp.tiktok.com/24f61f67505cf2d643231137d6ea6fed/61bc9f13/video/tos/useast2a/tos-useast2a-ve-0068c001/fa7a843f56174f9899e77626baea0101/?a=1988&br=1286&bt=643&cd=0%7C0%7C1&ch=0&cr=0&cs=0&cv=1&dr=0&ds=3&er=&ft=Yu12_FRnkag3-I&l=20211217083004010244003026260561B3&lr=tiktok_m&mime_type=video_mp4&net=0&pl=0&qs=0&rc=M247c25rdXVzeDMzOzczM0ApZzo8ZDpoPDtmNzlmOGg0ZmdfXm9wcmlubTBfLS1hMTZzczNjXjFfLTFeLTQxNDJfMzM6Yw%3D%3D&vl=&vr=,6882062954256778245,3v3iynn,Evelynn,https://p16-sign-va.tiktokcdn.com/tos-maliva-avt-0068/b5a0967e3d2131efd38c0fc6815b2ab6~c5_1080x1080.jpeg?x-expires=1639814400&x-signature=OzlhF764m4z6gamyFUJArU5BGGA%3D,i‚Äôm sorry i don‚Äôt post anymore!,False,False,6883493387601758977,U CLICKED THE SOUND U HAVE TO FOLLOW,https://sf16-ies-music-sg.tiktokcdn.com/obj/tiktok-obj/6883493342949149441.mp3,Dream,39,,3100000,17200,14100,18200000,False,35,299700,9000000,16,2905,9000000,False,False,False,0,0,
6903273105305701637,What the fox say? #amongus #among #us #amongusvideo #prank #joke #funny #comedy #pranks #jokes #whatdoesthefoxsay #fyp #foryou #foryoupage #lyrics #ha,1607293555,6903273105305701637,56,https://v16-webapp.tiktok.com/164ce6246f6d92d791c85409c649f49e/61bc9f24/video/tos/useast2a/tos-useast2a-ve-0068c004/4574a16b525141f79fb97c43c8b5c521/?a=1988&br=412&bt=206&cd=0%7C0%7C1&ch=0&cr=0&cs=0&cv=1&dr=0&ds=3&er=&ft=Yu12_FRnkag3-I&l=20211217083004010244003026260561B3&lr=tiktok_m&mime_type=video_mp4&net=0&pl=0&qs=0&rc=ajk6bDhmc3RveTMzMzczM0ApaTg3MztnZzs1N2Y8Zjk8ZGdjNWIuXmFraDNfLS0zMTZzc15eMjA0MTUuNC02YTNiMi86Yw%3D%3D&vl=&vr=,https://v16-webapp.tiktok.com/164ce6246f6d92d791c85409c649f49e/61bc9f24/video/tos/useast2a/tos-useast2a-ve-0068c004/4574a16b525141f79fb97c43c8b5c521/?a=1988&br=412&bt=206&cd=0%7C0%7C1&ch=0&cr=0&cs=0&cv=1&dr=0&ds=3&er=&ft=Yu12_FRnkag3-I&l=20211217083004010244003026260561B3&lr=tiktok_m&mime_type=video_mp4&net=0&pl=0&qs=0&rc=ajk6bDhmc3RveTMzMzczM0ApaTg3MztnZzs1N2Y8Zjk8ZGdjNWIuXmFraDNfLS0zMTZzc15eMjA0MTUuNC02YTNiMi86Yw%3D%3D&vl=&vr=,6768996869857313797,laurendoespranks,Lauren,https://p16-sign-va.tiktokcdn.com/tos-maliva-avt-0068/23390712d603a06388f09fc4dab8889d~c5_1080x1080.jpeg?x-expires=1639814400&x-signature=d4BJkHRBP046p1I%2FoA8Ih%2Fba6%2Fw%3D,"Lauren 
She/her
I have the best followers
#slothsquadü¶•",False,False,6671126342467062529,The Fox (What Does the Fox Say?),https://sf16-ies-music-sg.tiktokcdn.com/obj/tos-alisg-ve-2774/0a62b3eeb2f341db802f8d969887ad7f,Ylvis,32,The Fox (What Does the Fox Say?),3000000,47400,49200,11600000,False,110,290000,7300000,223,9088,7300000,True,True,False,0,0,
6881642665474002178,#legend #jackiechan #kungfu #us #tv #history #tiktok #viral #4u #mademayday,1602257292,6881642665474002178,9,https://v16-webapp.tiktok.com/15a6f54e34b883221d379417aec1a820/61bc9ef5/video/tos/alisg/tos-alisg-pve-0037c001/5009113de7c84f4d98d04e18fc7700b8/?a=1988&br=2230&bt=1115&cd=0%7C0%7C1&ch=0&cr=0&cs=0&cv=1&dr=0&ds=3&er=&ft=Yu12_FRnkag3-I&l=20211217083004010244003026260561B3&lr=tiktok_m&mime_type=video_mp4&net=0&pl=0&qs=0&rc=M2lxdWRqOnY7eDMzODczM0ApOzpmZTw4aWQzNzk3ODNkOGdlLnBuY3E1Ly1fLS1eMTRzc2EwYDFfXl82MTQuNGIvYi06Yw%3D%3D&vl=&vr=,https://v16-webapp.tiktok.com/15a6f54e34b883221d379417aec1a820/61bc9ef5/video/tos/alisg/tos-alisg-pve-0037c001/5009113de7c84f4d98d04e18fc7700b8/?a=1988&br=2230&bt=1115&cd=0%7C0%7C1&ch=0&cr=0&cs=0&cv=1&dr=0&ds=3&er=&ft=Yu12_FRnkag3-I&l=20211217083004010244003026260561B3&lr=tiktok_m&mime_type=video_mp4&net=0&pl=0&qs=0&rc=M2lxdWRqOnY7eDMzODczM0ApOzpmZTw4aWQzNzk3ODNkOGdlLnBuY3E1Ly1fLS1eMTRzc2EwYDFfXl82MTQuNGIvYi06Yw%3D%3D&vl=&vr=,6600677469391618054,ryanki7,Aryan Kiani,https://p16-sign-va.tiktokcdn.com/tos-maliva-avt-0068/e84cc87e1a77c6e8acf8acf6fa146db7~c5_1080x1080.jpeg?x-expires=1639814400&x-signature=4P%2Bl7NVuT8812UJt8Kh5FA9Nq0c%3D,Hey thanks for your supportü§©,False,False,6783518343648348933,Thank you all for using my sound,https://sf16-checkout.tiktokcdn.com/obj/musically-maliva-obj/1656132586746918.mp3,Tik Toker,17,,2800000,45200,7014,28600000,False,97,2300000,31800000,927,3312,31800000,True,True,False,0,0,
6883152111111130374,LMAO üòÇ (CR:FlashInRahul) #imposter #amongus #vent #crewmate #amongusgame #amongusmemes #among #us #fyp #foryou #Boo #BBMAs #FootlongShuffle #yeet,1602608794,6883152111111130374,57,https://v16-webapp.tiktok.com/db658521c01a5368694dc28d5791197a/61bc9f25/video/tos/useast2a/tos-useast2a-ve-0068c003/6ffe7f9b349f49c8b55b10c2c8f6adf1/?a=1988&br=606&bt=303&cd=0%7C0%7C1&ch=0&cr=0&cs=0&cv=1&dr=0&ds=3&er=&ft=Yu12_FRnkag3-I&l=20211217083004010244003026260561B3&lr=tiktok_m&mime_type=video_mp4&net=0&pl=0&qs=0&rc=amdrb3duajV3eDMzNDczM0ApOTo5NWc0ZmRnNzQ2OWY2N2cwcW1wNmtvcS9fLS1gMTZzczAyYzRiYi4tLjBhMTE2NjM6Yw%3D%3D&vl=&vr=,https://v16-webapp.tiktok.com/db658521c01a5368694dc28d5791197a/61bc9f25/video/tos/useast2a/tos-useast2a-ve-0068c003/6ffe7f9b349f49c8b55b10c2c8f6adf1/?a=1988&br=606&bt=303&cd=0%7C0%7C1&ch=0&cr=0&cs=0&cv=1&dr=0&ds=3&er=&ft=Yu12_FRnkag3-I&l=20211217083004010244003026260561B3&lr=tiktok_m&mime_type=video_mp4&net=0&pl=0&qs=0&rc=amdrb3duajV3eDMzNDczM0ApOTo5NWc0ZmRnNzQ2OWY2N2cwcW1wNmtvcS9fLS1gMTZzczAyYzRiYi4tLjBhMTE2NjM6Yw%3D%3D&vl=&vr=,6881373367477224454,amongus_haha,AMOUNG US HEHEüòé,https://p16-sign-va.tiktokcdn.com/tos-maliva-avt-0068/303d73aa3cb520a87abdf6b2e5a681a4~c5_1080x1080.jpeg?x-expires=1639814400&x-signature=SBYRn3jvbnKOW%2BqfbF%2B%2B6opWq%2FI%3D,"üåüAmong Us Memesüåü 
üí´Daily Meme Videosüí´

LINK FOR BEST KEYBOARDS!",False,False,6883152239259552517,original sound,https://sf16-ies-music-va.tiktokcdn.com/obj/musically-maliva-obj/6883152039845595910.mp3,AMOUNG US HEHEüòé,57,,2700000,11200,11900,11100000,False,16,1500000,12400000,93,668,12400000,False,False,False,0,0,
6929933133206785282,part 2 maybe? #cateblanchett #trend #fyp #foryou #viral #us #australia,1613500796,6929933133206785282,28,https://v16-webapp.tiktok.com/287559108be5d20eaa7d849c5620e59a/61bc9f08/video/tos/alisg/tos-alisg-pve-0037c001/b283cbd2a72d4242ab7a2fb4cfd43239/?a=1988&br=1688&bt=844&cd=0%7C0%7C1&ch=0&cr=0&cs=0&cv=1&dr=0&ds=3&er=&ft=Yu12_FRnkag3-I&l=20211217083004010244003026260561B3&lr=tiktok_m&mime_type=video_mp4&net=0&pl=0&qs=0&rc=ajpsanBxOnY0MzMzOTczM0ApN2c2ZzY4MztpNzlkZWlkZmcvbzNyL2pqL2pgLS1hMTRzczZhNDFeNDBgYzJiYjY2YC86Yw%3D%3D&vl=&vr=,https://v16-webapp.tiktok.com/287559108be5d20eaa7d849c5620e59a/61bc9f08/video/tos/alisg/tos-alisg-pve-0037c001/b283cbd2a72d4242ab7a2fb4cfd43239/?a=1988&br=1688&bt=844&cd=0%7C0%7C1&ch=0&cr=0&cs=0&cv=1&dr=0&ds=3&er=&ft=Yu12_FRnkag3-I&l=20211217083004010244003026260561B3&lr=tiktok_m&mime_type=video_mp4&net=0&pl=0&qs=0&rc=ajpsanBxOnY0MzMzOTczM0ApN2c2ZzY4MztpNzlkZWlkZmcvbzNyL2pqL2pgLS1hMTRzczZhNDFeNDBgYzJiYjY2YC86Yw%3D%3D&vl=&vr=,6747581324552619014,wpybo,milfs only,https://p16-sign-sg.tiktokcdn.com/aweme/1080x1080/tos-alisg-avt-0068/10f98bb0651543a3522994faba4a49e6.jpeg?x-expires=1639814400&x-signature=DU2QhTC1OVZQFqmHz6apLb6SzGY%3D,#faniston #bluntforce,False,False,6894066988063131649,Therefore I Am,https://sf16-ies-music-sg.tiktokcdn.com/obj/tos-alisg-ve-2774/e46b512d21cc40f4b820bc24948e6d14,Billie Eilish,45,Therefore I Am,2700000,40400,17200,9900000,False,12,510700,42200000,163,17300,42200000,True,True,False,0,0,
6938445131196452101,a menu you should try #viral#fy#fyp#foryou#boy#german#us#crush,1615482649,6938445131196452101,8,https://v16-webapp.tiktok.com/5cb906d337cffea9e80a68da4ea6a7ae/61bc9ef4/video/tos/useast2a/tos-useast2a-ve-0068c004/e4e1a22c53724a838038c6935476beb1/?a=1988&br=3790&bt=1895&cd=0%7C0%7C1&ch=0&cr=0&cs=0&cv=1&dr=0&ds=3&er=&ft=Yu12_FRnkag3-I&l=20211217083004010244003026260561B3&lr=tiktok_m&mime_type=video_mp4&net=0&pl=0&qs=0&rc=ajs0bWxvajg3NDMzNjczM0ApaTxkZTM2NTtnN2dkPDZkNWdpMjAvcl9ocjJgLS0yMTZzczRhMF4tLjAwYmBjYS1jXy06Yw%3D%3D&vl=&vr=,https://v16-webapp.tiktok.com/5cb906d337cffea9e80a68da4ea6a7ae/61bc9ef4/video/tos/useast2a/tos-useast2a-ve-0068c004/e4e1a22c53724a838038c6935476beb1/?a=1988&br=3790&bt=1895&cd=0%7C0%7C1&ch=0&cr=0&cs=0&cv=1&dr=0&ds=3&er=&ft=Yu12_FRnkag3-I&l=20211217083004010244003026260561B3&lr=tiktok_m&mime_type=video_mp4&net=0&pl=0&qs=0&rc=ajs0bWxvajg3NDMzNjczM0ApaTxkZTM2NTtnN2dkPDZkNWdpMjAvcl9ocjJgLS0yMTZzczRhMF4tLjAwYmBjYS1jXy06Yw%3D%3D&vl=&vr=,6813884539272201221,jacob_rtt,jacob rott,https://p16-sign-va.tiktokcdn.com/tos-maliva-avt-0068/29bba403ecc409bc80b0976d7318aea3~c5_1080x1080.jpeg?x-expires=1639814400&x-signature=FUI52fTKYKxY28%2FcSXSomdPJ5os%3D,"IG: jacob_rtt 
boy meets world üåç

ùï≥ùñäùñëùñë ùñúùñÜùñò ùñáùñîùñóùñéùñìùñå",False,False,6720099877960928006,Show you what you missin,https://sf16-ies-music-va.tiktokcdn.com/obj/musically-maliva-obj/1640692628415509.mp3,Merrickbeaumont,8,,2500000,101600,98300,15300000,False,484,3200000,101400000,828,46600,101400000,True,True,False,0,0,
6961010666127822085,What is happening hereü§Ø This is INSANE!üò± #sixflagsamerica #sixflags #washington #dc #batwing #vekoma #rollercoaster #themepark #adrenaline #usa #us,1620736600,6961010666127822085,19,https://v16-webapp.tiktok.com/f2271762e45b380a9e5f052982f163d7/61bc9eff/video/tos/useast2a/tos-useast2a-ve-0068c003/dae344cc5b9142a0a98d0b72a54bb4a5/?a=1988&br=5952&bt=2976&cd=0%7C0%7C1&ch=0&cr=0&cs=0&cv=1&dr=0&ds=3&er=&ft=Yu12_FRnkag3-I&l=20211217083004010244003026260561B3&lr=tiktok_m&mime_type=video_mp4&net=0&pl=0&qs=0&rc=ajptZ3lsbmw6NTMzNzczM0ApMzYzaDlkNjw7N2U5NTtlNWc0LWNrLl5maGFgLS1kMTZzczVfYy82LzAzNi1fXy8xNDM6Yw%3D%3D&vl=&vr=,https://v16-webapp.tiktok.com/f2271762e45b380a9e5f052982f163d7/61bc9eff/video/tos/useast2a/tos-useast2a-ve-0068c003/dae344cc5b9142a0a98d0b72a54bb4a5/?a=1988&br=5952&bt=2976&cd=0%7C0%7C1&ch=0&cr=0&cs=0&cv=1&dr=0&ds=3&er=&ft=Yu12_FRnkag3-I&l=20211217083004010244003026260561B3&lr=tiktok_m&mime_type=video_mp4&net=0&pl=0&qs=0&rc=ajptZ3lsbmw6NTMzNzczM0ApMzYzaDlkNjw7N2U5NTtlNWc0LWNrLl5maGFgLS1kMTZzczVfYy82LzAzNi1fXy8xNDM6Yw%3D%3D&vl=&vr=,6791364265808249862,themepark_explorers,Themepark Explorers,https://p16-sign-va.tiktokcdn.com/musically-maliva-obj/1663259994267654~c5_1080x1080.jpeg?x-expires=1639814400&x-signature=dWIJ7%2BFjvNN%2FYyWR2kwQ%2F%2FvX6zg%3D,"Dutch couple exploring the theme park worldüé¢ 
üì©contact@themepark-explorers.com",True,False,6945224716613470982,original sound,https://sf16-ies-music-va.tiktokcdn.com/obj/musically-maliva-obj/6945224947316919045.mp3,switchdisco,32,,2400000,110200,34800,20100000,False,105,1300000,30000000,543,7235,30000000,True,True,False,0,0,
6953736549678714118,He coldddü§∑üèæ‚Äç‚ôÇÔ∏èüçæ  #xyzbca #skaterboy #ceo #fyp„Ç∑ #foryou #ZitHappens #OneStepCloser #UK #US #popular #trendy,1619042960,6953736549678714118,8,https://v16-webapp.tiktok.com/a8baa99ff42ffdc1907c75ffdc041713/61bc9ef4/video/tos/useast2a/tos-useast2a-ve-0068c003/0451dee43bd348dabc45f79c6275b3cf/?a=1988&br=2240&bt=1120&cd=0%7C0%7C1&ch=0&cr=0&cs=0&cv=1&dr=0&ds=3&er=&ft=Yu12_FRnkag3-I&l=20211217083004010244003026260561B3&lr=tiktok_m&mime_type=video_mp4&net=0&pl=0&qs=0&rc=anlyO3Y7eTZkNTMzNzczM0ApOTM5OzM4OGRpN2g3N2U6N2doY2szMjNiMi1gLS1kMTZzczY2YC8tMF9hNDZiMzFfNF86Yw%3D%3D&vl=&vr=,https://v16-webapp.tiktok.com/a8baa99ff42ffdc1907c75ffdc041713/61bc9ef4/video/tos/useast2a/tos-useast2a-ve-0068c003/0451dee43bd348dabc45f79c6275b3cf/?a=1988&br=2240&bt=1120&cd=0%7C0%7C1&ch=0&cr=0&cs=0&cv=1&dr=0&ds=3&er=&ft=Yu12_FRnkag3-I&l=20211217083004010244003026260561B3&lr=tiktok_m&mime_type=video_mp4&net=0&pl=0&qs=0&rc=anlyO3Y7eTZkNTMzNzczM0ApOTM5OzM4OGRpN2g3N2U6N2doY2szMjNiMi1gLS1kMTZzczY2YC8tMF9hNDZiMzFfNF86Yw%3D%3D&vl=&vr=,6906167815951877126,lonfromibe,Lonüåüüñ§,https://p16-sign-va.tiktokcdn.com/tos-maliva-avt-0068/04c1c0a08e554f3eb710c04d97a66702~c5_1080x1080.jpeg?x-expires=1639814400&x-signature=qeNG9IAjpCMRhq7a%2BvRmxE%2FjKwk%3D,"Milwaukee Wisconsin ‚≠êÔ∏è
üåèDM>Promo>Collabs üåü
üìßBROTHERSONLYCLUB.CO@GMAIL.COM",False,False,6953736394309192454,original sound,https://sf16-ies-music-va.tiktokcdn.com/obj/musically-maliva-obj/6953736510021602054.mp3,Lonüåüüñ§,8,,2400000,38900,13200,19100000,False,274,40800,2400000,13,2755,2400000,False,False,False,0,0,
6852848692362251525,"& the saga continues, I‚Äôll keep y‚Äôall posted #fyp #politics #humanright #biden2020 #trump2020 #US #foryou",1595553175,6852848692362251525,48,https://v16-webapp.tiktok.com/3a9f7689ea4651bf9b179957fde8f4c2/61bc9f1c/video/tos/useast2a/tos-useast2a-ve-0068c002/86ccc39e444644bd9468db413104f08a/?a=1988&br=2836&bt=1418&cd=0%7C0%7C1&ch=0&cr=0&cs=0&cv=1&dr=0&ds=3&er=&ft=Yu12_FRnkag3-I&l=20211217083004010244003026260561B3&lr=tiktok_m&mime_type=video_mp4&net=0&pl=0&qs=0&rc=anQ4a3N0Z3E2djMzNDczM0ApZzs2Mzc4NGRpNzZkOWY1aGdgbXJoZHMuXmFfLS0yMTZzczEuM2FjM2M0YWFjYGNhX2I6Yw%3D%3D&vl=&vr=,https://v16-webapp.tiktok.com/3a9f7689ea4651bf9b179957fde8f4c2/61bc9f1c/video/tos/useast2a/tos-useast2a-ve-0068c002/86ccc39e444644bd9468db413104f08a/?a=1988&br=2836&bt=1418&cd=0%7C0%7C1&ch=0&cr=0&cs=0&cv=1&dr=0&ds=3&er=&ft=Yu12_FRnkag3-I&l=20211217083004010244003026260561B3&lr=tiktok_m&mime_type=video_mp4&net=0&pl=0&qs=0&rc=anQ4a3N0Z3E2djMzNDczM0ApZzs2Mzc4NGRpNzZkOWY1aGdgbXJoZHMuXmFfLS0yMTZzczEuM2FjM2M0YWFjYGNhX2I6Yw%3D%3D&vl=&vr=,6747895457885914118,gemma.remmy,Gemma Remington,https://p19-sign.tiktokcdn-us.com/tos-useast5-avt-0068-tx/f5c8744cf32a2182e230ce7de9df9817~c5_1080x1080.jpeg?x-expires=1639814400&x-signature=0%2BRBshDYbcYTIdriJDcUglAGRSw%3D,"21
she/her
üåà
i‚Äôm way cooler on Instagram",False,False,6852848688239332102,original sound,https://sf16-ies-music-va.tiktokcdn.com/obj/musically-maliva-obj/6852848617217198853.mp3,Gemma Remington,48,,2400000,7781,0,8600000,False,1283,383100,8600000,809,31200,8600000,False,True,False,0,0,
6921886951163333889,Boys part out now#marvel #avengers #dc #joke #boysvsgirls #trending #viral #fyp #foryou #share #likes #uk #us #funny #comedy #epic #endgame #harely,1611627400,6921886951163333889,15,https://v16-webapp.tiktok.com/8045eeb8d5da63ab8261ba559b7a640a/61bc9efb/video/tos/alisg/tos-alisg-pve-0037c001/c2dadb79eff8402faa53af35576f6162/?a=1988&br=778&bt=389&cd=0%7C0%7C1&ch=0&cr=0&cs=0&cv=1&dr=0&ds=3&er=&ft=Yu12_FRnkag3-I&l=20211217083004010244003026260561B3&lr=tiktok_m&mime_type=video_mp4&net=0&pl=0&qs=0&rc=MzwzbHFnZHhxMzMzZDczM0ApZjc1PDQ0ZjtmN2Q7aTo8OGdrZGFwNDNmajRgLS01MTRzc19eX2IxNDE2NTUzYjBiMGI6Yw%3D%3D&vl=&vr=,https://v16-webapp.tiktok.com/8045eeb8d5da63ab8261ba559b7a640a/61bc9efb/video/tos/alisg/tos-alisg-pve-0037c001/c2dadb79eff8402faa53af35576f6162/?a=1988&br=778&bt=389&cd=0%7C0%7C1&ch=0&cr=0&cs=0&cv=1&dr=0&ds=3&er=&ft=Yu12_FRnkag3-I&l=20211217083004010244003026260561B3&lr=tiktok_m&mime_type=video_mp4&net=0&pl=0&qs=0&rc=MzwzbHFnZHhxMzMzZDczM0ApZjc1PDQ0ZjtmN2Q7aTo8OGdrZGFwNDNmajRgLS01MTRzc19eX2IxNDE2NTUzYjBiMGI6Yw%3D%3D&vl=&vr=,6646387439458041861,ace.central,Ace Central,https://p16-sign-va.tiktokcdn.com/tos-maliva-avt-0068/e11733d08c3ae58f3bfc786478b6eab3~c5_1080x1080.jpeg?x-expires=1639814400&x-signature=Di1NYDrB6t4YjXJSpVHF8p6X1FA%3D,I‚Äôm back,False,False,6853558248600324870,original sound,https://sf16-ies-music-va.tiktokcdn.com/obj/musically-maliva-obj/6853558223576828677.mp3,ùìÆùì≠ùì≤ùìΩùìºùìºü§©,25,,2400000,22900,55000,15000000,False,2,299100,10600000,24,1648,10600000,True,True,False,0,0,
6971904537737055494,Who wants to find out ? #fyp #creepy #uk #us #scary #wales #adventure #foryou #spooky #fear #like #viral,1623273024,6971904537737055494,15,https://v16-webapp.tiktok.com/ae607a16f9d1efb85edf3876e29b9599/61bc9efb/video/tos/alisg/tos-alisg-pve-0037c001/4309369515184bff841ce78cb917c2ca/?a=1988&br=6372&bt=3186&cd=0%7C0%7C1&ch=0&cr=0&cs=0&cv=1&dr=0&ds=3&er=&ft=Yu12_FRnkag3-I&l=20211217083004010244003026260561B3&lr=tiktok_m&mime_type=video_mp4&net=0&pl=0&qs=0&rc=M2VmO3dlbWlsNjMzODczM0ApOzdoNjs5ZWQ6NzpmaTQzPGdpZC0tM2o2cC1gLS1kMTRzczIzYDQvMy5eLi9eYV5gYGA6Yw%3D%3D&vl=&vr=,https://v16-webapp.tiktok.com/ae607a16f9d1efb85edf3876e29b9599/61bc9efb/video/tos/alisg/tos-alisg-pve-0037c001/4309369515184bff841ce78cb917c2ca/?a=1988&br=6372&bt=3186&cd=0%7C0%7C1&ch=0&cr=0&cs=0&cv=1&dr=0&ds=3&er=&ft=Yu12_FRnkag3-I&l=20211217083004010244003026260561B3&lr=tiktok_m&mime_type=video_mp4&net=0&pl=0&qs=0&rc=M2VmO3dlbWlsNjMzODczM0ApOzdoNjs5ZWQ6NzpmaTQzPGdpZC0tM2o2cC1gLS1kMTRzczIzYDQvMy5eLi9eYV5gYGA6Yw%3D%3D&vl=&vr=,6544361762379011087,just_foz_,Feroz Ali,https://p16-sign-va.tiktokcdn.com/musically-maliva-obj/ce3616f789c4737720af66833753cd9d~c5_1080x1080.jpeg?x-expires=1639814400&x-signature=rY3eG3%2BmchYFgXdRQ8oOJS9DvHM%3D,üáµüá∞ üá¨üáß if you like my tik tok - my insta is better ‚¨ÜÔ∏è‚¨ÜÔ∏è,False,False,6930537260978932481,–æ—Ä–∏–≥–∏–Ω–∞–ª—å–Ω—ã–π –∑–≤—É–∫,https://sf16-ies-music-sg.tiktokcdn.com/obj/tiktok-obj/6930537199754693378.mp3,Tema Konkov,14,,2300000,7299,30300,17800000,False,119,295100,3800000,536,17500,3800000,True,True,False,0,0,
6971158172329315589,#WTC #Us #üá∫üá∏ #NeverForget #Respect #rip #twintowersattack #peace #WorldTradeCenter #firstresponders #911,1623099247,6971158172329315589,177,https://v16-webapp.tiktok.com/5acf0085c566d11ca5dd1caa8d00419a/61bc9f9d/video/tos/alisg/tos-alisg-pve-0037c001/c1a69c56189a49afb385d65a36383078/?a=1988&br=1398&bt=699&cd=0%7C0%7C1&ch=0&cr=0&cs=0&cv=1&dr=0&ds=3&er=&ft=Yu12_FRnkag3-I&l=20211217083004010244003026260561B3&lr=tiktok_m&mime_type=video_mp4&net=0&pl=0&qs=0&rc=anl4bDx1eDo7NTMzODczM0ApOGU2OTY5NTxmNzs6aWllN2dxbjBfZGJfYnNgLS1kMTRzc2MtY2ItNDYtYmFgYC1eLi46Yw%3D%3D&vl=&vr=,https://v16-webapp.tiktok.com/5acf0085c566d11ca5dd1caa8d00419a/61bc9f9d/video/tos/alisg/tos-alisg-pve-0037c001/c1a69c56189a49afb385d65a36383078/?a=1988&br=1398&bt=699&cd=0%7C0%7C1&ch=0&cr=0&cs=0&cv=1&dr=0&ds=3&er=&ft=Yu12_FRnkag3-I&l=20211217083004010244003026260561B3&lr=tiktok_m&mime_type=video_mp4&net=0&pl=0&qs=0&rc=anl4bDx1eDo7NTMzODczM0ApOGU2OTY5NTxmNzs6aWllN2dxbjBfZGJfYnNgLS1kMTRzc2MtY2ItNDYtYmFgYC1eLi46Yw%3D%3D&vl=&vr=,6910398226253530113,footage_of_the_wtc,üá∫üá∏Footage_of_the_wtcüá∫üá∏,https://p16-sign-va.tiktokcdn.com/tos-maliva-avt-0068/8b452cc65c1415a2e1b1de44f0658d13~c5_1080x1080.jpeg?x-expires=1639814400&x-signature=fBHsMj%2FWweLllG6WWvpHZ%2BjkvPY%3D,"üá∫üá∏The Office Page Of ‚Äúfootage_of_the_wtc‚Äùüá∫üá∏
Join the Discord!
üëáüèª",False,False,6971158185357019910,original sound,https://sf16-ies-music-va.tiktokcdn.com/obj/musically-maliva-obj/6971158243389328134.mp3,üá∫üá∏Footage_of_the_wtcüá∫üá∏,177,,2200000,15100,25100,20200000,False,21,555600,7300000,159,28700,7300000,False,False,False,0,0,
6904764756243025153,#comment #like #share #follow #JimJammin #iamforeverflawless #fyp #fyp„Ç∑ #funny #fun #comedy #us #usa #üá∫üá∏ #keyandpeele #Child #Tiktok #tiktokindia,1607640829,6904764756243025153,49,https://v16-webapp.tiktok.com/a0be22eb39561bbb9ccced179fab94f6/61bc9f1d/video/tos/alisg/tos-alisg-pve-0037c001/67df8c49f42343b2ad8ed3db1146d2c7/?a=1988&br=1646&bt=823&cd=0%7C0%7C1&ch=0&cr=0&cs=0&cv=1&dr=0&ds=3&er=&ft=Yu12_FRnkag3-I&l=20211217083004010244003026260561B3&lr=tiktok_m&mime_type=video_mp4&net=0&pl=0&qs=0&rc=anloeXdvZHVkeTMzOjczM0ApNzw3OGk7ODxkN2g6Z2VnOWdmaDYvYl5iYTZfLS0vMTRzczUxYF9gNC1hNjJjYDUxMjI6Yw%3D%3D&vl=&vr=,https://v16-webapp.tiktok.com/a0be22eb39561bbb9ccced179fab94f6/61bc9f1d/video/tos/alisg/tos-alisg-pve-0037c001/67df8c49f42343b2ad8ed3db1146d2c7/?a=1988&br=1646&bt=823&cd=0%7C0%7C1&ch=0&cr=0&cs=0&cv=1&dr=0&ds=3&er=&ft=Yu12_FRnkag3-I&l=20211217083004010244003026260561B3&lr=tiktok_m&mime_type=video_mp4&net=0&pl=0&qs=0&rc=anloeXdvZHVkeTMzOjczM0ApNzw3OGk7ODxkN2g6Z2VnOWdmaDYvYl5iYTZfLS0vMTRzczUxYF9gNC1hNjJjYDUxMjI6Yw%3D%3D&vl=&vr=,6843852580473865222,_keyandpeele_,Key & Peele,https://p16-sign-va.tiktokcdn.com/tos-maliva-avt-0068/c0a22805492ef169a174a40fe200692f~c5_1080x1080.jpeg?x-expires=1639814400&x-signature=9Z%2BYiBbMubuqqdv%2BddhUdJ4aaeI%3D,"Key&Peele
.
.
.
Fan Account",False,False,6904764672856181506,Follow ComedyToast,https://sf16-ies-music-sg.tiktokcdn.com/obj/tiktok-obj/6904764561690217217.mp3,Key & Peele,49,,2100000,131400,20100,12400000,False,98,1600000,32100000,772,8317,32100000,True,True,False,0,0,
6760551514470616325,We asked a stranger to model for us then she recognized us from Instagram! #streetphotography #challenge #she #recognized #us #4u @alex.stemp,1574063568,6760551514470616325,30,https://v16-webapp.tiktok.com/7bcc88b2e52ea82ed4994af136b53029/61bc9f0a/video/tos/useast2a/tos-useast2a-ve-0068/dfb101b9c52642269dd9e56f1a5b8779/?a=1988&br=4244&bt=2122&cd=0%7C0%7C1&ch=0&cr=0&cs=0&cv=1&dr=0&ds=3&er=&ft=Yu12_FRnkag3-I&l=20211217083004010244003026260561B3&lr=tiktok_m&mime_type=video_mp4&net=0&pl=0&qs=0&rc=amczdXAzc3c3cTMzZDczM0ApOTtoaGY0NDw8Nzk2OWY1ZWdmZTRnLWdrbDZfLS1gMTZzcy0xMjFiNjM2Ni9jMjFeYS46Yw%3D%3D&vl=&vr=,https://v16-webapp.tiktok.com/7bcc88b2e52ea82ed4994af136b53029/61bc9f0a/video/tos/useast2a/tos-useast2a-ve-0068/dfb101b9c52642269dd9e56f1a5b8779/?a=1988&br=4244&bt=2122&cd=0%7C0%7C1&ch=0&cr=0&cs=0&cv=1&dr=0&ds=3&er=&ft=Yu12_FRnkag3-I&l=20211217083004010244003026260561B3&lr=tiktok_m&mime_type=video_mp4&net=0&pl=0&qs=0&rc=amczdXAzc3c3cTMzZDczM0ApOTtoaGY0NDw8Nzk2OWY1ZWdmZTRnLWdrbDZfLS1gMTZzcy0xMjFiNjM2Ni9jMjFeYS46Yw%3D%3D&vl=&vr=,6750759305555985414,derrek.harris,derrekharris,https://p16-sign-va.tiktokcdn.com/tos-maliva-avt-0068/ee595c28a7860e34649ad0b403a799f0~c5_1080x1080.jpeg?x-expires=1639814400&x-signature=bbzSSWUIO6hvtv9yd48g%2FTUXCzw%3D,"I turn strangers into models 
Biz emailüëáüèº
Derrekharris@viralnationtalent.com",True,False,6753464308157401090,Free,https://sf16-ies-music-sg.tiktokcdn.com/obj/tos-alisg-ve-2774/855f2a2b74fc4f8f846f4d27d5175614,Louis The Child & Drew Love,30,Free,2100000,17700,1633,8200000,False,407,5400000,83400000,160,5001,83400000,False,True,False,0,0,
6886126873844190469,#greenscreensticker #foru #foryou #4u #4you #fy #fyp #red #blue #imposter #crewmate #foru #foryou #knife #among #us #amongus #white #pink #black #cous,1603301407,6886126873844190469,59,https://v16-webapp.tiktok.com/903540fffd64977cb1e02af6e07a64fd/61bc9f27/video/tos/useast2a/tos-useast2a-ve-0068c001/e13bb3edb5c54b11be10c1026078ea4a/?a=1988&br=1376&bt=688&cd=0%7C0%7C1&ch=0&cr=0&cs=0&cv=1&dr=0&ds=3&er=&ft=Yu12_FRnkag3-I&l=20211217083004010244003026260561B3&lr=tiktok_m&mime_type=video_mp4&net=0&pl=0&qs=0&rc=M3A3OWp5dXE5eDMzODczM0ApZTQ1Ojo7ZTtmN2lnZWRnOGdga3FnYWAxczVfLS1fMTZzczQ0MWNiYzY0Yy9iYTVgX2M6Yw%3D%3D&vl=&vr=,https://v16-webapp.tiktok.com/903540fffd64977cb1e02af6e07a64fd/61bc9f27/video/tos/useast2a/tos-useast2a-ve-0068c001/e13bb3edb5c54b11be10c1026078ea4a/?a=1988&br=1376&bt=688&cd=0%7C0%7C1&ch=0&cr=0&cs=0&cv=1&dr=0&ds=3&er=&ft=Yu12_FRnkag3-I&l=20211217083004010244003026260561B3&lr=tiktok_m&mime_type=video_mp4&net=0&pl=0&qs=0&rc=M3A3OWp5dXE5eDMzODczM0ApZTQ1Ojo7ZTtmN2lnZWRnOGdga3FnYWAxczVfLS1fMTZzczQ0MWNiYzY0Yy9iYTVgX2M6Yw%3D%3D&vl=&vr=,6882062954256778245,3v3iynn,Evelynn,https://p16-sign-va.tiktokcdn.com/tos-maliva-avt-0068/b5a0967e3d2131efd38c0fc6815b2ab6~c5_1080x1080.jpeg?x-expires=1639814400&x-signature=OzlhF764m4z6gamyFUJArU5BGGA%3D,i‚Äôm sorry i don‚Äôt post anymore!,False,False,6884796270314113797,original sound,https://sf16-ies-music-va.tiktokcdn.com/obj/musically-maliva-obj/6884796123756694277.mp3,FTGT,59,,2100000,5360,4252,13600000,False,35,299700,9000000,16,2905,9000000,False,False,False,0,0,"[{'name': 'Green Screen Sticker', 'ID': '732965'}]"
6981557153257508101,#tinder #fyp #austria #us,1625520449,6981557153257508101,11,https://v16-webapp.tiktok.com/01e4ab416ea9325f21af872ab737713b/61bc9ef7/video/tos/useast2a/tos-useast2a-pve-0068/32917dd12d5241e8bcf889a1fd5b7d52/?a=1988&br=1986&bt=993&cd=0%7C0%7C1&ch=0&cr=0&cs=0&cv=1&dr=0&ds=3&er=&ft=Yu12_FRnkag3-I&l=20211217083004010244003026260561B3&lr=tiktok_m&mime_type=video_mp4&net=0&pl=0&qs=0&rc=amQ2O3hzNGdxNjMzNzczM0ApZGk2Mzo5Zjs1NzdkN2U7OWdsY15uaF9uZmVgLS1kMTZzcy0zNWFeLWAwXjM0Ly0xMzM6Yw%3D%3D&vl=&vr=,https://v16-webapp.tiktok.com/01e4ab416ea9325f21af872ab737713b/61bc9ef7/video/tos/useast2a/tos-useast2a-pve-0068/32917dd12d5241e8bcf889a1fd5b7d52/?a=1988&br=1986&bt=993&cd=0%7C0%7C1&ch=0&cr=0&cs=0&cv=1&dr=0&ds=3&er=&ft=Yu12_FRnkag3-I&l=20211217083004010244003026260561B3&lr=tiktok_m&mime_type=video_mp4&net=0&pl=0&qs=0&rc=amQ2O3hzNGdxNjMzNzczM0ApZGk2Mzo5Zjs1NzdkN2U7OWdsY15uaF9uZmVgLS1kMTZzcy0zNWFeLWAwXjM0Ly0xMzM6Yw%3D%3D&vl=&vr=,6891598517649097729,elyoaks,Ely Oaks,https://p77-sign-va.tiktokcdn.com/tos-maliva-avt-0068/7fcde6f30b89c60c29de683569cbc5b4~c5_1080x1080.jpeg?x-expires=1639814400&x-signature=aWOt55n9IWmL9DpzR5%2F827ZNOsU%3D,"I‚Äòm the triangle man. Follow me on my IG ‚ö†Ô∏è
Go stream ‚ÄûNowhere‚Äú out now",False,False,6835142163412568065,Pumped Up Kicks (Foster the People),https://sf16-ies-music-sg.tiktokcdn.com/obj/tos-alisg-ve-2774/61e7e3b624524b6d8d47be832bc3f9a7,Tongo,60,Pumped Up Kicks (Foster the People),2100000,49600,31200,12400000,False,142,69900,4300000,427,2664,4300000,True,True,False,0,0,
6962234299177372934,we‚Äòre new in town :) @bene.schulz @theocarow @timschaecker #viral#fy#fyp#foryou#german#boys#germanboys#us,1621021496,6962234299177372934,15,https://v16-webapp.tiktok.com/0f3b26d7e0e68ebf70f3aa5c5e40f41f/61bc9efb/video/tos/useast2a/tos-useast2a-pve-0068/0d10531e665342419c5c16ee5f05563b/?a=1988&br=5504&bt=2752&cd=0%7C0%7C1&ch=0&cr=0&cs=0&cv=1&dr=0&ds=3&er=&ft=Yu12_FRnkag3-I&l=20211217083004010244003026260561B3&lr=tiktok_m&mime_type=video_mp4&net=0&pl=0&qs=0&rc=MzpobDQzdGZnNTMzNzczM0ApN2Y0NDw5NTtkNzNpNmQ7OGdncGA1YHFrM2NgLS1kMTZzc2MtYV5gNGMxMF9eNjQtY2A6Yw%3D%3D&vl=&vr=,https://v16-webapp.tiktok.com/0f3b26d7e0e68ebf70f3aa5c5e40f41f/61bc9efb/video/tos/useast2a/tos-useast2a-pve-0068/0d10531e665342419c5c16ee5f05563b/?a=1988&br=5504&bt=2752&cd=0%7C0%7C1&ch=0&cr=0&cs=0&cv=1&dr=0&ds=3&er=&ft=Yu12_FRnkag3-I&l=20211217083004010244003026260561B3&lr=tiktok_m&mime_type=video_mp4&net=0&pl=0&qs=0&rc=MzpobDQzdGZnNTMzNzczM0ApN2Y0NDw5NTtkNzNpNmQ7OGdncGA1YHFrM2NgLS1kMTZzc2MtYV5gNGMxMF9eNjQtY2A6Yw%3D%3D&vl=&vr=,6813884539272201221,jacob_rtt,jacob rott,https://p16-sign-va.tiktokcdn.com/tos-maliva-avt-0068/29bba403ecc409bc80b0976d7318aea3~c5_1080x1080.jpeg?x-expires=1639814400&x-signature=FUI52fTKYKxY28%2FcSXSomdPJ5os%3D,"IG: jacob_rtt 
boy meets world üåç

ùï≥ùñäùñëùñë ùñúùñÜùñò ùñáùñîùñóùñéùñìùñå",False,False,6948148835059337990,8teen,https://sf16-ies-music-va.tiktokcdn.com/obj/musically-maliva-obj/6948148938000108294.mp3,favsoundds ,31,,2000000,24900,45000,9200000,False,484,3200000,101400000,828,46600,101400000,True,True,False,0,0,
7036088269003672838,you can't resist USA air defence #army #US #china #germany #russia,1638216961,7036088269003672838,26,https://v16-webapp.tiktok.com/2a0b1ca62d7c20a98df0fed400dd33d0/61bc9f05/video/tos/useast2a/tos-useast2a-ve-0068c001/270a835dfbb946c8a1d4dfc33e0fa820/?a=1988&br=1420&bt=710&cd=0%7C0%7C1&ch=0&cr=0&cs=0&cv=1&dr=0&ds=3&er=&ft=Yu12_FRnkag3-I&l=20211217083004010244003026260561B3&lr=tiktok_m&mime_type=video_mp4&net=0&pl=0&qs=0&rc=Mzp4PDc6ZndtOTMzNzczM0ApOGg4Ojo3PGQ0Nzo4PGhlNWdeNF5mcjQwNmZgLS1kMTZzczJjYDI2My9hNGNhL18zMTQ6Yw%3D%3D&vl=&vr=,https://v16-webapp.tiktok.com/2a0b1ca62d7c20a98df0fed400dd33d0/61bc9f05/video/tos/useast2a/tos-useast2a-ve-0068c001/270a835dfbb946c8a1d4dfc33e0fa820/?a=1988&br=1420&bt=710&cd=0%7C0%7C1&ch=0&cr=0&cs=0&cv=1&dr=0&ds=3&er=&ft=Yu12_FRnkag3-I&l=20211217083004010244003026260561B3&lr=tiktok_m&mime_type=video_mp4&net=0&pl=0&qs=0&rc=Mzp4PDc6ZndtOTMzNzczM0ApOGg4Ojo3PGQ0Nzo4PGhlNWdeNF5mcjQwNmZgLS1kMTZzczJjYDI2My9hNGNhL18zMTQ6Yw%3D%3D&vl=&vr=,7033006316835931141,armylife.net,Armylife.net,https://p16-sign-va.tiktokcdn.com/tos-maliva-avt-0068/6bb23371835e4dd23d05cd702f99f63d~c5_1080x1080.jpeg?x-expires=1639814400&x-signature=T2NbJrGPK9xuQGxSOpVJB%2FcqJpY%3D,,False,False,7036088246728264454,ÿßŸÑÿµŸàÿ™ ÿßŸÑÿ£ÿµŸÑŸä,https://sf16-ies-music-va.tiktokcdn.com/obj/musically-maliva-obj/7036088209054714629.mp3,Armylife.net,25,,1900000,26100,22000,29200000,False,57,108300,2200000,14,64,2200000,True,True,False,0,0,
7037552921944411397,üôå#fyp#foryou#fy#4u#foru#foryoupage#xyzcba#mma#ufc#ufc_mma_sport#ladmma#ufcrussia#conormcgregor#ufcbrasil#fyp„Ç∑#korean#koreanzombie#brianortega#us#usa,1638557977,7037552921944411397,19,https://v16-webapp.tiktok.com/31f6e475c57c6015692eb7632ccd6de7/61bc9f00/video/tos/useast2a/tos-useast2a-ve-0068c002/7bf4675183c14a8695230ed634bc147c/?a=1988&br=2920&bt=1460&cd=0%7C0%7C1&ch=0&cr=0&cs=0&cv=1&dr=0&ds=3&er=&ft=Yu12_FRnkag3-I&l=2021121708300601024408204619053CB9&lr=tiktok_m&mime_type=video_mp4&net=0&pl=0&qs=0&rc=MzRyZzo6ZjY5OTMzNzczM0ApNTw2NjMzOGRnN2RpaDg3NWdeZnJecjRvZmlgLS1kMTZzc2BhMzAxLmEuYS0zNjZjMWA6Yw%3D%3D&vl=&vr=,https://v16-webapp.tiktok.com/31f6e475c57c6015692eb7632ccd6de7/61bc9f00/video/tos/useast2a/tos-useast2a-ve-0068c002/7bf4675183c14a8695230ed634bc147c/?a=1988&br=2920&bt=1460&cd=0%7C0%7C1&ch=0&cr=0&cs=0&cv=1&dr=0&ds=3&er=&ft=Yu12_FRnkag3-I&l=2021121708300601024408204619053CB9&lr=tiktok_m&mime_type=video_mp4&net=0&pl=0&qs=0&rc=MzRyZzo6ZjY5OTMzNzczM0ApNTw2NjMzOGRnN2RpaDg3NWdeZnJecjRvZmlgLS1kMTZzc2BhMzAxLmEuYS0zNjZjMWA6Yw%3D%3D&vl=&vr=,6945150055222100998,ladmma2,LadMMA,https://p77-sign-va.tiktokcdn.com/tos-maliva-avt-0068/fe3c7902a8b34cd33e67e53e395c85ee~c5_1080x1080.jpeg?x-expires=1639814400&x-signature=81vjvpGB6RFvgHrW6PWDeM9lXXI%3D,"FOLLOW MY INSTA üôè‚ù§Ô∏è
 200k?
#UFC #MMA
CEO OF COMBAT SPORTS EDITS 
ÿßŸÑÿ≠ŸÖÿØ ŸÑŸÑŸá",False,False,6662299805999500037,Into Your Arms (feat. Ava Max),https://sf16-ies-music-sg.tiktokcdn.com/obj/tos-alisg-ve-2774/b5d3abfa345541429fc9233724ffd7d1,Witt Lowry,15,Into Your Arms (feat. Ava Max),1400000,6671,4986,11300000,False,205,176600,8300000,348,20800,8300000,True,True,False,0,0,
